object_jp,object_rank,object_en,descriptor_jp,descriptor_rank,descriptor_en
顔,100,face,いい,100,good
手,200,hand,早い,200,early/fast
音,200,sound,強い,200,strong
頭,200,head,悪い,200,bad
目,200,eye,大きい,300,big
声,200,voice,長い,300,long
体,300,body,高い,300,tall/expensive
心,300,heart,楽しい,300,fun
口,300,mouth,多い,300,many
水,400,water,深い,400,deep
本,400,book,新しい,400,new
足,400,foot,小さい,400,small
夢,400,dream,少ない,400,few
胸,500,chest,近い,400,near
光,600,light,広い,500,wide
腕,600,arm,重い,500,heavy
髪,600,hair,若い,500,young
首,700,neck,良い,600,good
指,700,finger,怖い,600,scary
耳,700,ear,優しい,600,gentle
血,700,blood,軽い,600,light
空,700,sky,痛い,600,painful
背中,700,back,美しい,700,beautiful
壁,700,wall,面白い,700,interesting
色,700,color,難しい,700,difficult
服,700,clothes,赤い,700,red
肩,700,shoulder,白い,700,white
食事,800,meal,静かな,700,quiet
金,800,money,激しい,800,intense
風,800,wind,黒い,800,black
窓,800,window,遅い,800,slow
腰,800,waist,珍しい,800,rare
涙,800,tear,暗い,900,dark
木,900,tree,正しい,900,correct
息,900,breath,厳しい,900,harsh
火,1000,fire,低い,900,low
雨,1000,rain,短い,900,short
熱,1000,heat,弱い,1000,weak
車,1000,car,恐ろしい,1000,terrifying
席,1000,seat,素晴らしい,1000,wonderful
写真,1000,photo,薄い,1100,thin
腹,1100,belly,青い,1100,blue
肉,1400,flesh,寒い,1200,cold (weather)
傷,1400,wound,暑い,1200,hot (weather)
影,1400,shadow,古い,1200,old
床,1400,floor,細い,1300,thin/slender
石,1500,stone,速い,1300,fast
武器,1500,weapon,嬉しい,1300,happy
椅子,1500,chair,明るい,1300,bright
星,1500,star,悲しい,1400,sad
机,1500,desk,厚い,1400,thick
薬,1600,medicine,狭い,1400,narrow
お茶,1600,tea,危ない,1400,dangerous
酒,1600,alcohol,熱い,1500,hot (touch)
鍵,1600,key,眠い,1500,sleepy
舌,1600,tongue,涼しい,1600,cool
穴,1600,hole,硬い,1600,hard
猫,1600,cat,固い,1700,firm
紙,1700,paper,甘い,1700,sweet
箱,1700,box,温かい,1700,warm
絵,1700,picture,丸い,1800,round
船,1700,ship,鋭い,1900,sharp
制服,1800,uniform,冷たい,2000,cold (touch)
道具,1800,tool,汚い,2100,dirty
雪,1800,snow,柔らかい,2100,soft
鼻,1800,nose,浅い,2200,shallow
毒,1900,poison,苦い,2200,bitter
魚,1900,fish,鈍い,2300,dull
歌,1900,song,太い,2300,thick/fat
鏡,2000,mirror,辛い,2400,spicy
ご飯,2100,cooked rice,酸っぱい,2500,sour
布,2100,cloth,尖った,2700,pointed
土,2100,earth,丈夫な,2800,sturdy
氷,2100,ice,幸運の,3000,lucky
靴,2100,shoe,不思議な,3000,mysterious
袋,2100,bag,綺麗な,3200,pretty
草,2200,grass,便利な,3500,convenient
糸,2200,thread,黄色い,3500,yellow
爪,2200,nail,緑の,4000,green
岩,2300,rock,金の,4500,golden
脳,2300,brain,銀の,5000,silver
波,2300,wave,,,
煙,2400,smoke,,,
時計,2400,clock,,,
歯,2400,tooth,,,
角,2400,corner,,,
材料,2500,materials,,,
食べ物,2600,food,,,
玉,2600,ball,,,
飯,2700,cooked rice,,,
根,2700,root,,,
葉,2700,leaf,,,
棚,2800,shelf,,,
皮,2900,skin,,,
剣,3100,sword,,,
お菓子,3200,confections,,,
槍,3200,spear,,,
ナイフ,3200,knife,,,
矢,3200,arrow,,,
盾,3200,shield,,,
朝食,3300,breakfast,,,
夕食,3300,evening meal,,,
布団,3300,futon,,,
回収,3300,collection,,,
刀,3300,sword,,,
銃,3300,gun,,,
刃,3300,edge,,,
紅茶,3400,black tea,,,
卵,3400,eggs,,,
枝,3400,branch,,,
砂,3400,sand,,,
衣装,3400,clothing,,,
鎧,3400,armor,,,
皿,3400,plate,,,
ケーキ,3500,cake,,,
針,3500,needle,,,
素材,3500,ingredient,,,
具,3500,tool,,,
ガラス,3500,glass,,,
お酒,3600,alcohol,,,
仮面,3600,mask,,,
杖,3600,cane,,,
金属,3700,metal,,,
帽子,3700,hat,,,
眼鏡,3700,glasses,,,
指輪,3700,,,,
羽,3800,feather,,,
毛,3800,hair,,,
液体,3800,liquid,,,
飲み物,3900,drink,,,
餌,3900,,,,
グラス,3900,glass,,,
牙,3900,tusk,,,
植物,4000,plant,,,
板,4000,board,,,
輪,4000,ring,,,
鎖,4100,chain,,,
弾,4100,ball,,,
財布,4100,purse,,,
食料,4200,food,,,
弁当,4200,bento,,,
お湯,4200,hot water,,,
昼食,4200,lunch,,,
食,4200,food,,,
林,4300,wood,,,
食材,4300,ingredient,,,
塩,4300,salt,,,
弓,4300,bow,,,
スープ,4400,,,,
牛,4400,cattle,,,
爆弾,4400,bomb,,,
胃,4400,stomach,,,
夕飯,4500,evening meal,,,
欠片,4500,fragment,,,
コート,4500,coat,,,
一個,4600,piece,,,
瓶,4600,bottle,,,
油,4700,oil,,,
紐,4700,string,,,
傘,4700,umbrella,,,
収穫,4800,harvest,,,
花火,4900,fireworks,,,
樹,4900,tree,,,
ビール,5000,beer,,,
ジュース,5000,juice,,,
リボン,5000,ribbon,,,
鈴,5000,bell,,,
束,5100,bundle,,,
生地,5100,cloth,,,
砂糖,5200,sugar,,,
毛布,5300,blanket,,,
破片,5400,fragment,,,
松,5400,pine tree,,,
ワイン,5500,wine,,,
縄,5500,rope,,,
飾り,5500,decoration,,,
手袋,5500,glove,,,
埃,5600,dust,,,
粉,5600,flour,,,
鞭,5600,whip,,,
物質,5700,material,,,
球,5700,sphere,,,
設備,5700,equipment,,,
包丁,5700,kitchen knife,,,
刃物,5700,edged tool,,,
果物,5800,fruit,,,
ミルク,5800,milk,,,
家具,5800,furniture,,,
お守り,6100,charm,,,
牛乳,6200,,,,
畳,6200,tatami mat,,,
旗,6200,flag,,,
帯,6200,obi,,,
豆,6300,legume,,,
甲,6300,carapace,,,
幹,6500,,,,
竹,6500,bamboo,,,
米,6700,,,,
果実,6800,fruit,,,
筆,6800,writing brush,,,
ガス,6800,gas,,,
一滴,6800,one drop,,,
デザート,7000,dessert,,,
水分,7400,water,,,
リード,7400,lead,,,
アルコール,7600,alcohol,,,
電源,7700,source of electricity,,,
もち,7800,mochi,,,
小石,7800,pebble,,,
糧,7900,food,,,
マント,8300,mantle,,,
クッキー,8400,cookie,,,
鋼,8400,steel,,,
結晶,8400,crystal,,,
ロープ,8400,rope,,,
チョコ,8500,chocolate,,,
煙草,8500,tobacco,,,
フード,8500,food,,,
アイス,8500,ice,,,
薬草,8500,medicinal herb,,,
斧,8500,axe,,,
短剣,8500,short sword,,,
蜜,8600,nectar,,,
チョコレート,8600,chocolate,,,
革,8600,leather,,,
金貨,8600,gold coin,,,
物資,8600,goods,,,
水晶,8600,,,,
鱗,8700,scale,,,
銃弾,8700,bullet,,,
コンクリート,8700,concrete,,,
紋章,8700,crest,,,
マスク,8700,,,,
リンゴ,8800,apple,,,
サンドイッチ,8800,sandwich,,,
液,8800,liquid,,,
壺,8800,pot,,,
瓦礫,8800,rubble,,,
砲,8800,gun,,,
銃口,8800,gun point,,,
装甲,8800,armoring,,,
桃,8900,peach,,,
クラブ,8900,club,,,
切っ先,8900,point,,,
ラーメン,9000,ramen,,,
羽根,9000,feather,,,
白衣,9000,white clothes,,,
おにぎり,9100,onigiri,,,
サラダ,9100,salad,,,
機体,9100,fuselage,,,
薪,9100,piece,,,
花びら,9100,,,,
部品,9100,parts,,,
パーツ,9200,part,,,
棘,9200,thorn,,,
梅,9300,Japanese apricot,,,
首輪,9300,,,,
ゴム,9400,gum,,,
絹,9400,silk,,,
粒子,9400,particle,,,
大剣,9400,large sword,,,
燃料,9500,fuel,,,
殻,9500,shell,,,
アクセサリー,9500,accessory,,,
防具,9500,guard,,,
白銀,9600,silver,,,
トマト,9600,tomato,,,
クリーム,9700,cream,,,
食糧,9700,food,,,
バター,9800,butter,,,
家畜,9800,domestic animals,,,
小物,9800,accessories,,,
リング,9800,ring,,,
ネクタイ,9800,tie,,,
昼飯,9900,lunch,,,
ハンバーグ,9900,Hamburg steak,,,
鋼鉄,9900,steel,,,
柳,9900,willow,,,
水滴,9900,drop of water,,,
車輪,9900,,,,
腕時計,9900,wristwatch,,,
ネックレス,9900,necklace,,,
爆破,9900,destructive blast,,,
矢先,10000,arrowhead,,,
鎌,10000,sickle,,,
兜,10000,helmet,,,
